<?xml version="1.0" encoding="UTF-8"?>
<beans xmlns="http://www.springframework.org/schema/beans"
	xmlns:xsi="http://www.w3.org/2001/XMLSchema-instance"
	xmlns:context="http://www.springframework.org/schema/context"
	xsi:schemaLocation="http://www.springframework.org/schema/beans
http://www.springframework.org/schema/beans/spring-beans.xsd
http://www.springframework.org/schema/context
http://www.springframework.org/schema/context/spring-context.xsd">

	<bean id="movieBean" class="com.wipro.Movie">
		<property name="movieId" value="210820"></property>
		<property name="movieName" value="Lion"></property>
		<property name="movieActor" value="Dev Patel"></property>
	</bean>
</beans>