<?xml version="1.0" encoding="UTF-8"?>
<!DOCTYPE hibernate-mapping
PUBLIC "-//Hibernate/Hibernate Mapping DTD 3.0//EN"
"http://hibernate.sourceforge.net/hibernate-mapping-3.0.dtd">
<hibernate-mapping>
	<class name="com.wipro.bean.Product" table="Product">
		<id name="id" column="id" type="int">
			<generator class="sequence"></generator>
		</id>
		<property name="name" column="name" type="string"></property>
		<property name="price" column="price" type="int"></property>
	</class>
</hibernate-mapping>